{"cameraMode":{"drawMode":0,"name":"Shaded","section":"Shading Mode"},"sceneLighting":false,"audioPlay":false,"sceneViewState":{"m_AlwaysRefresh":false,"showFog":true,"showSkybox":true,"showFlares":true,"showImageEffects":true,"showParticleSystems":true,"showVisualEffectGraphs":true,"m_FxEnabled":true},"in2DMode":false,"pivot":{"x":-2.7391626834869386,"y":-1.4632155895233155,"z":-3.4380459785461427},"rotation":{"x":-0.061266180127859119,"y":0.9382391571998596,"z":-0.22424939274787904,"w":-0.2563324570655823},"size":3.5657408237457277,"orthographic":false}