{"cameraMode":{"drawMode":0,"name":"Shaded","section":"Shading Mode"},"sceneLighting":false,"audioPlay":false,"sceneViewState":{"m_AlwaysRefresh":false,"showFog":true,"showSkybox":true,"showFlares":true,"showImageEffects":true,"showParticleSystems":true,"showVisualEffectGraphs":true,"m_FxEnabled":true},"in2DMode":false,"pivot":{"x":-1.9794554710388184,"y":1.7693121433258057,"z":1.3795002698898316},"rotation":{"x":0.17509588599205018,"y":-0.7429705262184143,"z":0.21333514153957368,"w":0.6098241806030273},"size":0.6892061829566956,"orthographic":false}