{"cameraMode":{"drawMode":0,"name":"Shaded","section":"Shading Mode"},"sceneLighting":false,"audioPlay":false,"sceneViewState":{"m_AlwaysRefresh":false,"showFog":true,"showSkybox":true,"showFlares":true,"showImageEffects":true,"showParticleSystems":true,"showVisualEffectGraphs":true,"m_FxEnabled":true},"in2DMode":false,"pivot":{"x":-3.396205425262451,"y":1.9814622402191163,"z":1.4660446643829346},"rotation":{"x":0.013061528094112873,"y":0.6742563247680664,"z":0.011929639615118504,"w":-0.7382893562316895},"size":2.651038646697998,"orthographic":false}