{"cameraMode":{"drawMode":0,"name":"Shaded","section":"Shading Mode"},"sceneLighting":false,"audioPlay":false,"sceneViewState":{"m_AlwaysRefresh":false,"showFog":false,"showSkybox":false,"showFlares":false,"showImageEffects":false,"showParticleSystems":false,"showVisualEffectGraphs":true,"m_FxEnabled":true},"in2DMode":false,"pivot":{"x":-0.17778685688972474,"y":1.3133938312530518,"z":-0.10823237895965576},"rotation":{"x":-0.00743399141356349,"y":0.9923355579376221,"z":-0.09737060964107514,"w":-0.07576131075620651},"size":0.9770246744155884,"orthographic":false}