{"cameraMode":{"drawMode":0,"name":"Shaded","section":"Shading Mode"},"sceneLighting":false,"audioPlay":false,"sceneViewState":{"m_AlwaysRefresh":false,"showFog":false,"showSkybox":false,"showFlares":false,"showImageEffects":false,"showParticleSystems":false,"showVisualEffectGraphs":true,"m_FxEnabled":true},"in2DMode":false,"pivot":{"x":-0.05769377946853638,"y":0.42270004749298098,"z":0.051887452602386478},"rotation":{"x":-0.00743399141356349,"y":0.9923355579376221,"z":-0.09737060964107514,"w":-0.07576131075620651},"size":1.0669353008270264,"orthographic":false}